code_zone,code_pol,lib_pol,date_echeance,etat
4,5,Particules PM10,2025-09-01,PAS DE DEPASSEMENT
4,7,Ozone,2025-09-01,PAS DE DEPASSEMENT
4,5,Particules PM10,2025-09-02,PAS DE DEPASSEMENT
4,7,Ozone,2025-09-02,PAS DE DEPASSEMENT
5,5,Particules PM10,2025-09-01,PAS DE DEPASSEMENT
5,7,Ozone,2025-09-01,PAS DE DEPASSEMENT
5,5,Particules PM10,2025-09-02,PAS DE DEPASSEMENT
5,7,Ozone,2025-09-02,PAS DE DEPASSEMENT
6,5,Particules PM10,2025-09-01,PAS DE DEPASSEMENT
6,7,Ozone,2025-09-01,PAS DE DEPASSEMENT
6,5,Particules PM10,2025-09-02,PAS DE DEPASSEMENT
6,7,Ozone,2025-09-02,PAS DE DEPASSEMENT
13,5,Particules PM10,2025-09-01,PAS DE DEPASSEMENT
13,7,Ozone,2025-09-01,PAS DE DEPASSEMENT
13,5,Particules PM10,2025-09-02,PAS DE DEPASSEMENT
13,7,Ozone,2025-09-02,PAS DE DEPASSEMENT
83,5,Particules PM10,2025-09-01,PAS DE DEPASSEMENT
83,7,Ozone,2025-09-01,PAS DE DEPASSEMENT
83,5,Particules PM10,2025-09-02,PAS DE DEPASSEMENT
83,7,Ozone,2025-09-02,PAS DE DEPASSEMENT
84,5,Particules PM10,2025-09-01,PAS DE DEPASSEMENT
84,7,Ozone,2025-09-01,PAS DE DEPASSEMENT
84,5,Particules PM10,2025-09-02,PAS DE DEPASSEMENT
84,7,Ozone,2025-09-02,PAS DE DEPASSEMENT
